model,relation_family,relation_members,pair_seed_evaluations,candidate_pairs,mean_score_drop,median_score_drop,mean_absolute_score_change,mean_rank_worsening,median_rank_worsening,supportive_score_fraction,supportive_rank_fraction,mean_removed_edge_count,absolute_mean_score_drop,absolute_mean_rank_change,score_drop_per_1000_removed_edges,rank_change_per_1000_removed_edges,relation_rank_within_model,mean_excess_drop_over_random,median_excess_drop_over_random,fraction_exceeding_random_mean,fraction_empirical_p_le_0_05,interpretability_role,top5_within_model,top10_within_model,majority_supportive_score_effect,majority_supportive_rank_effect,exceeds_random_in_majority,reporting_strength,interpretation_note
GCN,phenotype_variant_clinical_associated,phenotype_variant_clinical_associated|variant_phenotype_clinical_associated,35,30,7.10776447568621,7.811053276062012,7.268931102752686,394.7142857142857,1.0,0.8,0.5142857142857142,8358.0,7.10776447568621,394.7142857142857,0.8504145101323535,47.22592554609784,1,7.884802729061672,9.903974580764771,0.8857142857142857,0.7714285714285715,topology_sensitivity_comparator,True,True,True,True,True,supported_topology_sensitivity,Relation-labelled edge removal is interpreted as topology sensitivity because GCN does not use relation-specific transformations.
GCN,drug_variant_clinical_associated,drug_variant_clinical_associated|variant_drug_clinical_associated,35,30,5.583419867924282,5.9890241622924805,5.948673370906285,252.11428571428573,9.0,0.9142857142857144,0.5428571428571428,9194.0,5.583419867924282,252.11428571428573,0.6072895222889148,27.421610367009546,2,5.961568134852818,7.381747341156005,0.9428571428571428,0.6285714285714286,topology_sensitivity_comparator,True,True,True,True,True,supported_topology_sensitivity,Relation-labelled edge removal is interpreted as topology sensitivity because GCN does not use relation-specific transformations.
GCN,drug_gene_clinical_associated,drug_gene_clinical_associated|gene_drug_clinical_associated,35,30,3.081400571550642,1.9537816047668457,3.4540174211774555,2.4,8.0,0.8,0.6,6765.257142857143,3.081400571550642,2.4,0.4554742719283079,0.3547536995742955,3,3.228108732700348,2.1550775766372685,0.7714285714285715,0.6285714285714286,topology_sensitivity_comparator,True,True,True,True,True,supported_topology_sensitivity,Relation-labelled edge removal is interpreted as topology sensitivity because GCN does not use relation-specific transformations.
GCN,drug_gene_label_associated,drug_gene_label_associated|gene_drug_label_associated,35,30,1.665266125542777,0.0254402160644531,1.7493115084511892,126.4,0.0,0.6571428571428571,0.4571428571428571,1306.1714285714286,1.665266125542777,126.4,1.2749215678098955,96.77137107358476,4,1.780221791267395,0.1892654418945313,0.7142857142857143,0.2857142857142857,topology_sensitivity_comparator,True,True,True,False,True,supported_topology_sensitivity,Relation-labelled edge removal is interpreted as topology sensitivity because GCN does not use relation-specific transformations.
GCN,drug_gene_guideline_associated,drug_gene_guideline_associated|gene_drug_guideline_associated,35,30,0.4018447875976562,-0.000187873840332,0.4889485767909459,5.514285714285714,0.0,0.4857142857142857,0.4,416.9142857142857,0.4018447875976562,5.514285714285714,0.9638546851643344,13.226425438596491,5,0.4867031696864536,0.1076409339904784,0.6857142857142857,0.3428571428571428,topology_sensitivity_comparator,True,True,False,False,True,limited,Relation-labelled edge removal is interpreted as topology sensitivity because GCN does not use relation-specific transformations.
GCN,gene_variant_guideline_associated,gene_variant_guideline_associated|variant_gene_guideline_associated,35,30,0.3452853679656982,0.0037050247192382,0.3950611318860735,-0.7428571428571429,0.0,0.5142857142857142,0.2571428571428571,506.0,0.3452853679656982,0.7428571428571429,0.6823821501298383,-1.4680971202710331,6,,,,,topology_sensitivity_comparator,False,True,True,False,,limited,Relation-labelled edge removal is interpreted as topology sensitivity because GCN does not use relation-specific transformations.
GCN,gene_phenotype_clinical_associated,gene_phenotype_clinical_associated|phenotype_gene_clinical_associated,35,30,0.2634227343967982,0.0698671340942382,0.8579198701041085,1.0285714285714285,7.0,0.6285714285714286,0.9142857142857144,6794.0,0.2634227343967982,1.0285714285714285,0.0387728487484248,0.1513940872198158,7,,,,,topology_sensitivity_comparator,False,True,True,True,,limited,Relation-labelled edge removal is interpreted as topology sensitivity because GCN does not use relation-specific transformations.
GCN,drug_gene_guideline_ambiguous,drug_gene_guideline_ambiguous|gene_drug_guideline_ambiguous,35,30,0.098033264705113,-0.0156679153442382,0.1603226116725376,4.0285714285714285,0.0,0.4,0.2857142857142857,225.02857142857144,0.098033264705113,4.0285714285714285,0.435648078298496,17.902488572879633,8,,,,,topology_sensitivity_comparator,False,True,False,False,,limited,Relation-labelled edge removal is interpreted as topology sensitivity because GCN does not use relation-specific transformations.
GCN,drug_gene_clinical_ambiguous,drug_gene_clinical_ambiguous|gene_drug_clinical_ambiguous,35,30,0.0537464959280831,-0.0309939384460449,0.2271544865199497,1.2,0.0,0.3142857142857143,0.1714285714285714,974.0571428571428,0.0537464959280831,1.2,0.0551779701244546,1.2319605772615276,9,,,,,topology_sensitivity_comparator,False,True,False,False,,limited,Relation-labelled edge removal is interpreted as topology sensitivity because GCN does not use relation-specific transformations.
GCN,drug_drug_clinical_associated,drug_drug_clinical_associated,35,30,0.0399058205740792,0.0,0.0445926393781389,-0.0857142857142857,0.0,0.4857142857142857,0.1714285714285714,55.142857142857146,0.0399058205740792,0.0857142857142857,0.7236806839858922,-1.55440414507772,10,,,,,topology_sensitivity_comparator,False,True,False,False,,limited,Relation-labelled edge removal is interpreted as topology sensitivity because GCN does not use relation-specific transformations.
GCN,gene_gene_clinical_associated,gene_gene_clinical_associated,35,30,0.0334160123552594,0.0004487037658691,0.0335968835013253,0.5142857142857142,0.0,0.8857142857142857,0.1714285714285714,44.0,0.0334160123552594,0.5142857142857142,0.7594548262558954,11.688311688311687,11,,,,,topology_sensitivity_comparator,False,False,True,False,,limited,Relation-labelled edge removal is interpreted as topology sensitivity because GCN does not use relation-specific transformations.
GCN,phenotype_variant_clinical_not_associated,phenotype_variant_clinical_not_associated|variant_phenotype_clinical_not_associated,35,30,0.0284446103232247,0.0038299560546875,0.0304853507450648,0.1142857142857142,0.0,0.6285714285714286,0.0857142857142857,184.0,0.0284446103232247,0.1142857142857142,0.1545902734957863,0.6211180124223598,12,,,,,topology_sensitivity_comparator,False,False,True,False,,limited,Relation-labelled edge removal is interpreted as topology sensitivity because GCN does not use relation-specific transformations.
GCN,drug_gene_label_ambiguous,drug_gene_label_ambiguous|gene_drug_label_ambiguous,35,30,0.020161873953683,-0.0004658699035644,0.0390016555786132,3.2285714285714286,0.0,0.4,0.1428571428571428,69.37142857142857,0.020161873953683,3.2285714285714286,0.2906365685250844,46.54036243822076,13,,,,,topology_sensitivity_comparator,False,False,False,False,,limited,Relation-labelled edge removal is interpreted as topology sensitivity because GCN does not use relation-specific transformations.
GCN,drug_gene_clinical_not_associated,drug_gene_clinical_not_associated|gene_drug_clinical_not_associated,35,30,0.0157215390886579,-0.0183448791503906,0.1417555672781808,1.8,0.0,0.3142857142857143,0.3142857142857143,484.3428571428572,0.0157215390886579,1.8,0.0324595250178755,3.7163756488909856,14,,,,,topology_sensitivity_comparator,False,False,False,False,,limited,Relation-labelled edge removal is interpreted as topology sensitivity because GCN does not use relation-specific transformations.
GCN,drug_variant_clinical_not_associated,drug_variant_clinical_not_associated|variant_drug_clinical_not_associated,35,30,0.0096116134098597,0.0156679153442382,0.1084014007023402,-0.3142857142857143,0.0,0.6,0.2285714285714285,518.6285714285714,0.0096116134098597,0.3142857142857143,0.0185327495231979,-0.6059938298810049,15,,,,,topology_sensitivity_comparator,False,False,True,False,,limited,Relation-labelled edge removal is interpreted as topology sensitivity because GCN does not use relation-specific transformations.
GCN,phenotype_variant_clinical_ambiguous,phenotype_variant_clinical_ambiguous|variant_phenotype_clinical_ambiguous,35,30,0.0053368704659598,-0.0017509460449218,0.0214108603341238,0.0571428571428571,0.0,0.4285714285714285,0.1714285714285714,170.0,0.0053368704659598,0.0571428571428571,0.0313933556821164,0.3361344537815123,16,,,,,topology_sensitivity_comparator,False,False,False,False,,limited,Relation-labelled edge removal is interpreted as topology sensitivity because GCN does not use relation-specific transformations.
GCN,drug_drug_pathway_associated,drug_drug_pathway_associated,35,30,0.0030009065355573,0.0,0.0030724593571254,0.1428571428571428,0.0,0.2857142857142857,0.0571428571428571,4.0,0.0030009065355573,0.1428571428571428,0.750226633889325,35.7142857142857,17,,,,,topology_sensitivity_comparator,False,False,False,False,,limited,Relation-labelled edge removal is interpreted as topology sensitivity because GCN does not use relation-specific transformations.
GCN,drug_gene_literature_not_associated,drug_gene_literature_not_associated|gene_drug_literature_not_associated,35,30,-0.0007121494838169,0.0,0.0007206508091517,0.0571428571428571,0.0,0.0857142857142857,0.0571428571428571,3.3714285714285714,0.0007121494838169,0.0571428571428571,-0.211230779098233,16.949152542372868,18,,,,,topology_sensitivity_comparator,False,False,False,False,,limited,Relation-labelled edge removal is interpreted as topology sensitivity because GCN does not use relation-specific transformations.
GCN,drug_drug_clinical_not_associated,drug_drug_clinical_not_associated,35,30,-0.0010000910077776,0.0,0.0010544231959751,-0.0285714285714285,0.0,0.0571428571428571,0.0285714285714285,4.0,0.0010000910077776,0.0285714285714285,-0.2500227519444,-7.1428571428571255,19,,,,,topology_sensitivity_comparator,False,False,False,False,,limited,Relation-labelled edge removal is interpreted as topology sensitivity because GCN does not use relation-specific transformations.
GCN,drug_variant_guideline_ambiguous,drug_variant_guideline_ambiguous|variant_drug_guideline_ambiguous,35,30,-0.0017535686492919,-0.0006284713745117,0.0027131284986223,0.0,0.0,0.0285714285714285,0.0,13.82857142857143,0.0017535686492919,0.0,-0.1268076502587117,0.0,20,,,,,topology_sensitivity_comparator,False,False,False,False,,limited,Relation-labelled edge removal is interpreted as topology sensitivity because GCN does not use relation-specific transformations.
GCN,phenotype_phenotype_clinical_associated,phenotype_phenotype_clinical_associated,35,30,-0.0035667964390345,0.0,0.0052171434674944,0.0285714285714285,0.0,0.1428571428571428,0.0571428571428571,22.0,0.0035667964390345,0.0285714285714285,-0.1621271108652045,1.2987012987012954,21,,,,,topology_sensitivity_comparator,False,False,False,False,,limited,Relation-labelled edge removal is interpreted as topology sensitivity because GCN does not use relation-specific transformations.
GCN,drug_variant_label_ambiguous,drug_variant_label_ambiguous|variant_drug_label_ambiguous,35,30,-0.0075665610177176,-0.0002532005310058,0.0075665610177176,-0.0857142857142857,0.0,0.0,0.0,6.0,0.0075665610177176,0.0857142857142857,-1.2610935029529335,-14.285714285714285,22,,,,,topology_sensitivity_comparator,False,False,False,False,,limited,Relation-labelled edge removal is interpreted as topology sensitivity because GCN does not use relation-specific transformations.
GCN,drug_gene_pathway_ambiguous,drug_gene_pathway_ambiguous|gene_drug_pathway_ambiguous,35,30,-0.0139481953212193,-0.0153627395629882,0.0344669342041015,-0.1142857142857142,0.0,0.2285714285714285,0.1142857142857142,80.91428571428571,0.0139481953212193,0.1142857142857142,-0.1723823574303232,-1.4124293785310724,23,,,,,topology_sensitivity_comparator,False,False,False,False,,limited,Relation-labelled edge removal is interpreted as topology sensitivity because GCN does not use relation-specific transformations.
GCN,gene_gene_pathway_associated,gene_gene_pathway_associated,35,30,-0.0197514942714146,-0.0191125869750976,0.029909324645996,5.485714285714286,3.0,0.0571428571428571,0.9428571428571428,2508.0,0.0197514942714146,5.485714285714286,-0.0078753964399579,2.1872863978127133,24,,,,,topology_sensitivity_comparator,False,False,False,True,,limited,Relation-labelled edge removal is interpreted as topology sensitivity because GCN does not use relation-specific transformations.
GCN,gene_phenotype_clinical_ambiguous,gene_phenotype_clinical_ambiguous|phenotype_gene_clinical_ambiguous,35,30,-0.0201967716217041,-0.0091528892517089,0.1337429114750453,3.085714285714286,0.0,0.3714285714285714,0.1714285714285714,760.0,0.0201967716217041,3.085714285714286,-0.0265746995022422,4.06015037593985,25,,,,,topology_sensitivity_comparator,False,False,False,False,,limited,Relation-labelled edge removal is interpreted as topology sensitivity because GCN does not use relation-specific transformations.
GCN,gene_variant_label_associated,gene_variant_label_associated|variant_gene_label_associated,35,30,-0.0213394028799874,-0.0015878677368164,0.0977393150329589,-14.028571428571428,0.0,0.2,0.0571428571428571,274.0,0.0213394028799874,14.028571428571428,-0.0778810324087131,-51.19916579770594,26,,,,,topology_sensitivity_comparator,False,False,False,False,,limited,Relation-labelled edge removal is interpreted as topology sensitivity because GCN does not use relation-specific transformations.
GCN,drug_variant_clinical_ambiguous,drug_variant_clinical_ambiguous|variant_drug_clinical_ambiguous,35,30,-0.0599345343453543,-0.0238685607910156,0.0612118584769112,-0.4,0.0,0.0857142857142857,0.0571428571428571,164.05714285714285,0.0599345343453543,0.4,-0.3653271860131314,-2.438174851967956,27,,,,,topology_sensitivity_comparator,False,False,False,False,,limited,Relation-labelled edge removal is interpreted as topology sensitivity because GCN does not use relation-specific transformations.
GCN,gene_phenotype_clinical_not_associated,gene_phenotype_clinical_not_associated|phenotype_gene_clinical_not_associated,35,30,-0.0619741984776088,-0.0662508010864257,0.0968795776367187,1.0857142857142856,1.0,0.2571428571428571,0.5428571428571428,358.0,0.0619741984776088,1.0857142857142856,-0.1731122862503039,3.0327214684756583,28,,,,,topology_sensitivity_comparator,False,False,False,True,,limited,Relation-labelled edge removal is interpreted as topology sensitivity because GCN does not use relation-specific transformations.
GCN,drug_gene_pathway_associated,drug_gene_pathway_associated|gene_drug_pathway_associated,35,30,-0.1784356934683663,-0.0119056701660156,0.3724328858511788,-1.0,1.0,0.4857142857142857,0.5142857142857142,807.3142857142857,0.1784356934683663,1.0,-0.2210238275549554,-1.2386749716874292,29,,,,,topology_sensitivity_comparator,False,False,False,True,,limited,Relation-labelled edge removal is interpreted as topology sensitivity because GCN does not use relation-specific transformations.
GCN,drug_variant_guideline_associated,drug_variant_guideline_associated|variant_drug_guideline_associated,35,30,-0.4939489160265241,-0.0050067901611328,0.5035356725965228,-5.142857142857143,0.0,0.2571428571428571,0.3714285714285714,804.3428571428572,0.4939489160265241,5.142857142857143,-0.6141024460403646,-6.3938618925831205,30,,,,,topology_sensitivity_comparator,False,False,False,False,,limited,Relation-labelled edge removal is interpreted as topology sensitivity because GCN does not use relation-specific transformations.
GCN,drug_variant_label_associated,drug_variant_label_associated|variant_drug_label_associated,35,30,-0.5200815200805664,-0.0088200569152832,0.5200815200805664,-22.77142857142857,0.0,0.0,0.3428571428571428,423.8285714285714,0.5200815200805664,22.77142857142857,-1.2271034921679806,-53.72792234056896,31,,,,,topology_sensitivity_comparator,False,False,False,False,,limited,Relation-labelled edge removal is interpreted as topology sensitivity because GCN does not use relation-specific transformations.
RGAT,drug_gene_clinical_associated,drug_gene_clinical_associated|gene_drug_clinical_associated,35,30,0.0017829622907031,0.0012074527330696,0.0020937129356233,1497.571428571429,71.0,0.7142857142857143,0.5714285714285714,6765.257142857143,0.0017829622907031,1497.571428571429,0.0002635468620118,221.36208527603225,1,,,,,descriptive_unstable_attention_comparator,True,True,True,True,,descriptive_only,Tiny score changes and large rank changes indicate near-tied scores and unstable rankings; attention and ablation are descriptive only.
RGAT,drug_gene_label_associated,drug_gene_label_associated|gene_drug_label_associated,35,30,0.000603014140922,0.0,0.0010056980253596,-66.88571428571429,-35.0,0.3714285714285714,0.3142857142857143,1306.1714285714286,0.000603014140922,66.88571428571429,0.0004616653891913,-51.207454720447984,2,,,,,descriptive_unstable_attention_comparator,True,True,False,False,,descriptive_only,Tiny score changes and large rank changes indicate near-tied scores and unstable rankings; attention and ablation are descriptive only.
RGAT,gene_phenotype_clinical_associated,gene_phenotype_clinical_associated|phenotype_gene_clinical_associated,35,30,0.0005143478812117,0.0,0.0005185458842398,24.0,10.0,0.4285714285714285,0.6857142857142857,6794.0,0.0005143478812117,24.0,7.570619387867236e-05,3.532528701795702,3,,,,,descriptive_unstable_attention_comparator,True,True,False,True,,descriptive_only,Tiny score changes and large rank changes indicate near-tied scores and unstable rankings; attention and ablation are descriptive only.
RGAT,drug_gene_guideline_ambiguous,drug_gene_guideline_ambiguous|gene_drug_guideline_ambiguous,35,30,0.0001828185382432,-6.938353180885315e-08,0.0001838596304878,35.82857142857143,0.0,0.2571428571428571,0.2857142857142857,225.02857142857144,0.0001828185382432,35.82857142857143,0.0008124236717257,159.21787709497207,4,,,,,descriptive_unstable_attention_comparator,True,True,False,False,,descriptive_only,Tiny score changes and large rank changes indicate near-tied scores and unstable rankings; attention and ablation are descriptive only.
RGAT,phenotype_variant_clinical_associated,phenotype_variant_clinical_associated|variant_phenotype_clinical_associated,35,30,0.0001432588124381,2.169981598854065e-07,0.0001470561205808,-4.771428571428571,0.0,0.7142857142857143,0.2285714285714285,8358.0,0.0001432588124381,4.771428571428571,1.714032213904044e-05,-0.5708816189792499,5,,,,,descriptive_unstable_attention_comparator,True,True,True,False,,descriptive_only,Tiny score changes and large rank changes indicate near-tied scores and unstable rankings; attention and ablation are descriptive only.
RGAT,drug_variant_label_associated,drug_variant_label_associated|variant_drug_label_associated,35,30,7.129736643816744e-05,0.0,7.303695726607527e-05,1.2571428571428571,1.0,0.0857142857142857,0.5142857142857142,423.8285714285714,7.129736643816744e-05,1.2571428571428571,0.0001682221804864,2.9661588243225023,6,,,,,descriptive_unstable_attention_comparator,False,True,False,True,,limited,Tiny score changes and large rank changes indicate near-tied scores and unstable rankings; attention and ablation are descriptive only.
RGAT,drug_drug_clinical_associated,drug_drug_clinical_associated,35,30,5.377308199448245e-05,0.0,5.3954849551830975e-05,0.4857142857142857,-16.0,0.4,0.1714285714285714,55.142857142857146,5.377308199448245e-05,0.4857142857142857,0.0009751595180346,8.808290155440414,7,,,,,descriptive_unstable_attention_comparator,False,True,False,False,,limited,Tiny score changes and large rank changes indicate near-tied scores and unstable rankings; attention and ablation are descriptive only.
RGAT,gene_gene_clinical_associated,gene_gene_clinical_associated,35,30,6.289334435548101e-06,0.0,6.289334435548101e-06,-3.857142857142857,-7.0,0.1714285714285714,0.0285714285714285,44.0,6.289334435548101e-06,3.857142857142857,0.0001429394189897,-87.66233766233766,8,,,,,descriptive_unstable_attention_comparator,False,True,False,False,,limited,Tiny score changes and large rank changes indicate near-tied scores and unstable rankings; attention and ablation are descriptive only.
RGAT,drug_drug_pathway_associated,drug_drug_pathway_associated,35,30,-2.8937522854123797e-09,0.0,1.0663643479347228e-08,0.0571428571428571,0.0,0.1428571428571428,0.0857142857142857,4.0,2.8937522854123797e-09,0.0571428571428571,-7.23438071353095e-07,14.285714285714274,9,,,,,descriptive_unstable_attention_comparator,False,True,False,False,,limited,Tiny score changes and large rank changes indicate near-tied scores and unstable rankings; attention and ablation are descriptive only.
RGAT,drug_gene_literature_not_associated,drug_gene_literature_not_associated|gene_drug_literature_not_associated,35,30,-4.663265177181789e-09,0.0,6.938353180885315e-09,0.1142857142857142,0.0,0.0285714285714285,0.1142857142857142,3.3714285714285714,4.663265177181789e-09,0.1142857142857142,-1.3831718745878186e-06,33.898305084745736,10,,,,,descriptive_unstable_attention_comparator,False,True,False,False,,limited,Tiny score changes and large rank changes indicate near-tied scores and unstable rankings; attention and ablation are descriptive only.
RGAT,drug_drug_clinical_not_associated,drug_drug_clinical_not_associated,35,30,-2.984223621232169e-08,0.0,2.984223621232169e-08,0.0857142857142857,0.0,0.0,0.0285714285714285,4.0,2.984223621232169e-08,0.0857142857142857,-7.460559053080423e-06,21.428571428571427,11,,,,,descriptive_unstable_attention_comparator,False,False,False,False,,limited,Tiny score changes and large rank changes indicate near-tied scores and unstable rankings; attention and ablation are descriptive only.
RGAT,drug_variant_label_ambiguous,drug_variant_label_ambiguous|variant_drug_label_ambiguous,35,30,-3.069373113768441e-08,0.0,3.098643251827785e-08,0.0,0.0,0.0285714285714285,0.0,6.0,3.069373113768441e-08,0.0,-5.115621856280736e-06,0.0,12,,,,,descriptive_unstable_attention_comparator,False,False,False,False,,limited,Tiny score changes and large rank changes indicate near-tied scores and unstable rankings; attention and ablation are descriptive only.
RGAT,drug_variant_guideline_ambiguous,drug_variant_guideline_ambiguous|variant_drug_guideline_ambiguous,35,30,-8.959655783006125e-08,0.0,9.373429098299573e-08,0.0857142857142857,0.0,0.0285714285714285,0.0857142857142857,13.82857142857143,8.959655783006125e-08,0.0857142857142857,-6.479089925727568e-06,6.198347107438015,13,,,,,descriptive_unstable_attention_comparator,False,False,False,False,,limited,Tiny score changes and large rank changes indicate near-tied scores and unstable rankings; attention and ablation are descriptive only.
RGAT,drug_gene_pathway_ambiguous,drug_gene_pathway_ambiguous|gene_drug_pathway_ambiguous,35,30,-1.0012382907526833e-07,0.0,1.1837775153773173e-07,0.5428571428571428,0.0,0.2285714285714285,0.1142857142857142,80.91428571428571,1.0012382907526833e-07,0.5428571428571428,-1.237406079673161e-06,6.709039548022599,14,,,,,descriptive_unstable_attention_comparator,False,False,False,False,,limited,Tiny score changes and large rank changes indicate near-tied scores and unstable rankings; attention and ablation are descriptive only.
RGAT,phenotype_phenotype_clinical_associated,phenotype_phenotype_clinical_associated,35,30,-3.944882856948035e-07,0.0,3.945947225604738e-07,1.0571428571428572,0.0,0.0571428571428571,0.1714285714285714,22.0,3.944882856948035e-07,1.0571428571428572,-1.7931285713400162e-05,48.05194805194805,15,,,,,descriptive_unstable_attention_comparator,False,False,False,False,,limited,Tiny score changes and large rank changes indicate near-tied scores and unstable rankings; attention and ablation are descriptive only.
RGAT,drug_gene_label_ambiguous,drug_gene_label_ambiguous|gene_drug_label_ambiguous,35,30,-4.160550556012562e-07,-1.0244548320770264e-08,1.2296318475689208e-06,0.1142857142857142,0.0,0.0571428571428571,0.0857142857142857,69.37142857142857,4.160550556012562e-07,0.1142857142857142,-5.997498742192739e-06,1.6474464579901142,16,,,,,descriptive_unstable_attention_comparator,False,False,False,False,,limited,Tiny score changes and large rank changes indicate near-tied scores and unstable rankings; attention and ablation are descriptive only.
RGAT,drug_variant_clinical_ambiguous,drug_variant_clinical_ambiguous|variant_drug_clinical_ambiguous,35,30,-7.118198222347668e-07,-1.0058283805847169e-07,8.780875110200473e-07,-0.3428571428571428,0.0,0.0285714285714285,0.3142857142857143,164.05714285714285,7.118198222347668e-07,0.3428571428571428,-4.3388529742627724e-06,-2.089864158829676,17,,,,,descriptive_unstable_attention_comparator,False,False,False,False,,limited,Tiny score changes and large rank changes indicate near-tied scores and unstable rankings; attention and ablation are descriptive only.
RGAT,drug_variant_clinical_not_associated,drug_variant_clinical_not_associated|variant_drug_clinical_not_associated,35,30,-1.9496173730918338e-06,-1.7369166016578674e-07,2.670115126030785e-06,-4.6,0.0,0.1428571428571428,0.1714285714285714,518.6285714285714,1.9496173730918338e-06,4.6,-3.759178495935114e-06,-8.869546055531071,18,,,,,descriptive_unstable_attention_comparator,False,False,False,False,,limited,Tiny score changes and large rank changes indicate near-tied scores and unstable rankings; attention and ablation are descriptive only.
RGAT,phenotype_variant_clinical_not_associated,phenotype_variant_clinical_not_associated|variant_phenotype_clinical_not_associated,35,30,-3.634053947670119e-06,-2.7939677238464355e-09,3.634053947670119e-06,0.0857142857142857,0.0,0.0,0.0857142857142857,184.0,3.634053947670119e-06,0.0857142857142857,-1.9750293193859344e-05,0.4658385093167701,19,,,,,descriptive_unstable_attention_comparator,False,False,False,False,,limited,Tiny score changes and large rank changes indicate near-tied scores and unstable rankings; attention and ablation are descriptive only.
RGAT,gene_gene_pathway_associated,gene_gene_pathway_associated,35,30,-3.655374582324709e-06,0.0,4.352642489331109e-06,-13.057142857142855,14.0,0.1142857142857142,0.6857142857142857,2508.0,3.655374582324709e-06,13.057142857142855,-1.4574858781199e-06,-5.2061973114604685,20,,,,,descriptive_unstable_attention_comparator,False,False,False,True,,limited,Tiny score changes and large rank changes indicate near-tied scores and unstable rankings; attention and ablation are descriptive only.
RGAT,phenotype_variant_clinical_ambiguous,phenotype_variant_clinical_ambiguous|variant_phenotype_clinical_ambiguous,35,30,-3.769754299095699e-06,-8.381903171539307e-09,3.769754299095699e-06,-0.1142857142857142,0.0,0.0,0.0285714285714285,170.0,3.769754299095699e-06,0.1142857142857142,-2.217502528879823e-05,-0.6722689075630247,21,,,,,descriptive_unstable_attention_comparator,False,False,False,False,,limited,Tiny score changes and large rank changes indicate near-tied scores and unstable rankings; attention and ablation are descriptive only.
RGAT,gene_phenotype_clinical_not_associated,gene_phenotype_clinical_not_associated|phenotype_gene_clinical_not_associated,35,30,-1.0757926585418838e-05,-1.862645149230957e-09,1.0758937735642706e-05,-0.8571428571428571,0.0,0.2285714285714285,0.2857142857142857,358.0,1.0757926585418838e-05,0.8571428571428571,-3.005007426094647e-05,-2.3942537909018355,22,,,,,descriptive_unstable_attention_comparator,False,False,False,False,,limited,Tiny score changes and large rank changes indicate near-tied scores and unstable rankings; attention and ablation are descriptive only.
RGAT,drug_gene_clinical_not_associated,drug_gene_clinical_not_associated|gene_drug_clinical_not_associated,35,30,-1.14801073712962e-05,-3.220047801733017e-07,1.2118635433060782e-05,-4.857142857142857,-2.0,0.1428571428571428,0.2571428571428571,484.3428571428572,1.14801073712962e-05,4.857142857142857,-2.370243971185506e-05,-10.028315243039168,23,,,,,descriptive_unstable_attention_comparator,False,False,False,False,,limited,Tiny score changes and large rank changes indicate near-tied scores and unstable rankings; attention and ablation are descriptive only.
RGAT,drug_gene_clinical_ambiguous,drug_gene_clinical_ambiguous|gene_drug_clinical_ambiguous,35,30,-1.2198399885424543e-05,-8.342321962118149e-07,1.4515450623418604e-05,-7.714285714285714,0.0,0.2285714285714285,0.4857142857142857,974.0571428571428,1.2198399885424543e-05,7.714285714285714,-1.2523289803762145e-05,-7.919746568109821,24,,,,,descriptive_unstable_attention_comparator,False,False,False,False,,limited,Tiny score changes and large rank changes indicate near-tied scores and unstable rankings; attention and ablation are descriptive only.
RGAT,gene_phenotype_clinical_ambiguous,gene_phenotype_clinical_ambiguous|phenotype_gene_clinical_ambiguous,35,30,-2.456260845065117e-05,-2.887099981307984e-08,2.5956718517201287e-05,-3.4,0.0,0.0857142857142857,0.3142857142857143,760.0,2.456260845065117e-05,3.4,-3.231922164559364e-05,-4.473684210526315,25,,,,,descriptive_unstable_attention_comparator,False,False,False,False,,limited,Tiny score changes and large rank changes indicate near-tied scores and unstable rankings; attention and ablation are descriptive only.
RGAT,drug_gene_pathway_associated,drug_gene_pathway_associated|gene_drug_pathway_associated,35,30,-5.070499277540616e-05,-1.3979151844978333e-06,5.073373072913715e-05,-6.828571428571428,-3.0,0.0285714285714285,0.4,807.3142857142857,5.070499277540616e-05,6.828571428571428,-6.280700549048754e-05,-8.458380520951303,26,,,,,descriptive_unstable_attention_comparator,False,False,False,False,,limited,Tiny score changes and large rank changes indicate near-tied scores and unstable rankings; attention and ablation are descriptive only.
RGAT,drug_gene_guideline_associated,drug_gene_guideline_associated|gene_drug_guideline_associated,35,30,-5.82687756312745e-05,-5.494803190231323e-08,6.813958420285157e-05,3.4285714285714284,0.0,0.2285714285714285,0.3428571428571428,416.9142857142857,5.82687756312745e-05,3.4285714285714284,-0.0001397620029533,8.223684210526315,27,,,,,descriptive_unstable_attention_comparator,False,False,False,False,,limited,Tiny score changes and large rank changes indicate near-tied scores and unstable rankings; attention and ablation are descriptive only.
RGAT,gene_variant_label_associated,gene_variant_label_associated|variant_gene_label_associated,35,30,-0.0003705546459449,0.0,0.0003705575729587,-685.5714285714286,1.0,0.0857142857142857,0.5142857142857142,274.0,0.0003705546459449,685.5714285714286,-0.001352389218777,-2502.0855057351405,28,,,,,descriptive_unstable_attention_comparator,False,False,False,True,,limited,Tiny score changes and large rank changes indicate near-tied scores and unstable rankings; attention and ablation are descriptive only.
RGAT,drug_variant_guideline_associated,drug_variant_guideline_associated|variant_drug_guideline_associated,35,30,-0.0005690734567386,-6.984919309616089e-09,0.0005690846459141,-1362.7714285714285,0.0,0.1428571428571428,0.1714285714285714,804.3428571428572,0.0005690734567386,1362.7714285714285,-0.0007075011006625,-1694.2668371696502,29,,,,,descriptive_unstable_attention_comparator,False,False,False,False,,limited,Tiny score changes and large rank changes indicate near-tied scores and unstable rankings; attention and ablation are descriptive only.
RGAT,gene_variant_guideline_associated,gene_variant_guideline_associated|variant_gene_guideline_associated,35,30,-0.001089645682701,0.0,0.0011212834556187,-1459.6,1.0,0.1714285714285714,0.7142857142857143,506.0,0.001089645682701,1459.6,-0.0021534499658122,-2884.584980237154,30,,,,,descriptive_unstable_attention_comparator,False,False,False,True,,limited,Tiny score changes and large rank changes indicate near-tied scores and unstable rankings; attention and ablation are descriptive only.
RGAT,drug_variant_clinical_associated,drug_variant_clinical_associated|variant_drug_clinical_associated,35,30,-0.0026566789685083,-0.0007460825145244,0.0027367401535489,-26.571428571428573,1.0,0.2,0.5142857142857142,9194.0,0.0026566789685083,26.571428571428573,-0.0002889579039056,-2.890083594891078,31,,,,,descriptive_unstable_attention_comparator,False,False,False,True,,limited,Tiny score changes and large rank changes indicate near-tied scores and unstable rankings; attention and ablation are descriptive only.
RGCN,drug_gene_clinical_associated,drug_gene_clinical_associated|gene_drug_clinical_associated,35,30,2.7484148415071625,2.620835542678833,2.760070785241468,32.885714285714286,14.0,0.9714285714285714,0.7714285714285715,6765.257142857143,2.7484148415071625,32.885714285714286,0.4062543054123196,4.860970335833502,1,2.062676709507193,2.3291144728660584,0.8,0.5428571428571428,primary_relation_aware_explanation,True,True,True,True,True,primary_relation_aware,Relation-family ablation reflects sensitivity of the relation-aware encoder; it does not establish biological causation.
RGCN,drug_gene_pathway_associated,drug_gene_pathway_associated|gene_drug_pathway_associated,35,30,1.2554403168814523,0.0023767948150634,1.2612615857805525,79.91428571428571,-2.0,0.5428571428571428,0.4285714285714285,807.3142857142857,1.2554403168814523,79.91428571428571,1.5550824989683902,98.987825594564,2,1.2135800273077828,0.0121703088283538,0.6857142857142857,0.4285714285714285,primary_relation_aware_explanation,True,True,True,False,True,primary_relation_aware,Relation-family ablation reflects sensitivity of the relation-aware encoder; it does not establish biological causation.
RGCN,drug_gene_label_associated,drug_gene_label_associated|gene_drug_label_associated,35,30,1.1200385434286937,0.3600931167602539,1.1696298054286411,17.6,-1.0,0.6857142857142857,0.4285714285714285,1306.1714285714286,1.1200385434286937,17.6,0.8574973536618313,13.474494706448509,3,1.051714609180178,0.3099998474121094,0.6,0.4,primary_relation_aware_explanation,True,True,True,False,True,primary_relation_aware,Relation-family ablation reflects sensitivity of the relation-aware encoder; it does not establish biological causation.
RGCN,drug_gene_guideline_ambiguous,drug_gene_guideline_ambiguous|gene_drug_guideline_ambiguous,35,30,0.7414363997323172,0.0576674938201904,0.7519003868103027,39.4,0.0,0.7428571428571429,0.4,225.02857142857144,0.7414363997323172,39.4,3.2948544934777937,175.08887760284406,4,0.7301884967940194,0.0461833477020263,0.7714285714285715,0.4857142857142857,primary_relation_aware_explanation,True,True,True,False,True,primary_relation_aware,Relation-family ablation reflects sensitivity of the relation-aware encoder; it does not establish biological causation.
RGCN,drug_gene_clinical_ambiguous,drug_gene_clinical_ambiguous|gene_drug_clinical_ambiguous,35,30,0.6909559758646148,0.0342912673950195,0.7417892760464123,2.857142857142857,-1.0,0.7142857142857143,0.3714285714285714,974.0571428571428,0.6909559758646148,2.857142857142857,0.7093587690737275,2.9332394696703044,5,0.6053482449480465,-0.016470730304718,0.4857142857142857,0.1428571428571428,primary_relation_aware_explanation,True,True,True,False,False,limited,Relation-family ablation reflects sensitivity of the relation-aware encoder; it does not establish biological causation.
RGCN,gene_phenotype_clinical_associated,gene_phenotype_clinical_associated|phenotype_gene_clinical_associated,35,30,0.5056887524468558,0.4853948354721069,0.5056887524468558,1.1428571428571428,0.0,0.8571428571428571,0.4857142857142857,6794.0,0.5056887524468558,1.1428571428571428,0.0744316680080741,0.168215652466462,6,,,,,primary_relation_aware_explanation,False,True,True,False,,limited,Relation-family ablation reflects sensitivity of the relation-aware encoder; it does not establish biological causation.
RGCN,drug_gene_guideline_associated,drug_gene_guideline_associated|gene_drug_guideline_associated,35,30,0.3614463840212141,0.0061502456665039,0.6142056907926287,14.657142857142857,-1.0,0.5142857142857142,0.3714285714285714,416.9142857142857,0.3614463840212141,14.657142857142857,0.8669561020245679,35.15625,7,,,,,primary_relation_aware_explanation,False,True,True,False,,limited,Relation-family ablation reflects sensitivity of the relation-aware encoder; it does not establish biological causation.
RGCN,gene_variant_guideline_associated,gene_variant_guideline_associated|variant_gene_guideline_associated,35,30,0.3113241365977696,0.0,0.3120918716703142,2.342857142857143,0.0,0.4285714285714285,0.3714285714285714,506.0,0.3113241365977696,2.342857142857143,0.6152650920904537,4.630152456239413,8,,,,,primary_relation_aware_explanation,False,True,False,False,,limited,Relation-family ablation reflects sensitivity of the relation-aware encoder; it does not establish biological causation.
RGCN,gene_phenotype_clinical_ambiguous,gene_phenotype_clinical_ambiguous|phenotype_gene_clinical_ambiguous,35,30,0.2556592089789254,0.0939670801162719,0.2575615576335362,2.085714285714286,0.0,0.7428571428571429,0.4285714285714285,760.0,0.2556592089789254,2.085714285714286,0.3363936960249019,2.744360902255639,9,,,,,primary_relation_aware_explanation,False,True,True,False,,limited,Relation-family ablation reflects sensitivity of the relation-aware encoder; it does not establish biological causation.
RGCN,gene_gene_pathway_associated,gene_gene_pathway_associated,35,30,0.2112096769469125,0.0,0.2112096769469125,1.2857142857142858,0.0,0.2285714285714285,0.1714285714285714,2508.0,0.2112096769469125,1.2857142857142858,0.0842143847475727,0.5126452494873548,10,,,,,primary_relation_aware_explanation,False,True,False,False,,limited,Relation-family ablation reflects sensitivity of the relation-aware encoder; it does not establish biological causation.
RGCN,phenotype_variant_clinical_associated,phenotype_variant_clinical_associated|variant_phenotype_clinical_associated,35,30,0.2097517830984933,0.2080060243606567,0.2097517830984933,0.7714285714285715,0.0,0.8571428571428571,0.3142857142857143,8358.0,0.2097517830984933,0.7714285714285715,0.025095930018963,0.0922982258229925,11,,,,,primary_relation_aware_explanation,False,False,True,False,,limited,Relation-family ablation reflects sensitivity of the relation-aware encoder; it does not establish biological causation.
RGCN,drug_gene_clinical_not_associated,drug_gene_clinical_not_associated|gene_drug_clinical_not_associated,35,30,0.1791643415178571,0.0098462104797363,0.234720652444022,0.4857142857142857,0.0,0.5714285714285714,0.3428571428571428,484.3428571428572,0.1791643415178571,0.4857142857142857,0.369912219981418,1.0028315243039168,12,,,,,primary_relation_aware_explanation,False,False,True,False,,limited,Relation-family ablation reflects sensitivity of the relation-aware encoder; it does not establish biological causation.
RGCN,gene_gene_clinical_associated,gene_gene_clinical_associated,35,30,0.1491904122488839,0.0,0.1501100267682756,1.1142857142857143,0.0,0.1714285714285714,0.1142857142857142,44.0,0.1491904122488839,1.1142857142857143,3.3906911874746344,25.32467532467533,13,,,,,primary_relation_aware_explanation,False,False,False,False,,limited,Relation-family ablation reflects sensitivity of the relation-aware encoder; it does not establish biological causation.
RGCN,drug_variant_guideline_associated,drug_variant_guideline_associated|variant_drug_guideline_associated,35,30,0.1357682262148176,0.0089192390441894,0.1457999263490949,1.3714285714285714,0.0,0.6,0.3428571428571428,804.3428571428572,0.1357682262148176,1.3714285714285714,0.1687939726313802,1.7050298380221651,14,,,,,primary_relation_aware_explanation,False,False,True,False,,limited,Relation-family ablation reflects sensitivity of the relation-aware encoder; it does not establish biological causation.
RGCN,drug_variant_clinical_associated,drug_variant_clinical_associated|variant_drug_clinical_associated,35,30,0.0706313950674874,0.1656751632690429,0.2475201538630894,-0.4571428571428571,0.0,0.6571428571428571,0.4,9194.0,0.0706313950674874,0.4571428571428571,0.0076823357697941,-0.0497218682992013,15,,,,,primary_relation_aware_explanation,False,False,True,False,,limited,Relation-family ablation reflects sensitivity of the relation-aware encoder; it does not establish biological causation.
RGCN,drug_variant_label_associated,drug_variant_label_associated|variant_drug_label_associated,35,30,0.0704176596232823,0.0,0.0826884848730904,-0.5142857142857142,0.0,0.2857142857142857,0.3142857142857143,423.8285714285714,0.0704176596232823,0.5142857142857142,0.1661465610634273,-1.2134286099501144,16,,,,,primary_relation_aware_explanation,False,False,False,False,,limited,Relation-family ablation reflects sensitivity of the relation-aware encoder; it does not establish biological causation.
RGCN,gene_phenotype_clinical_not_associated,gene_phenotype_clinical_not_associated|phenotype_gene_clinical_not_associated,35,30,0.0644925321851457,0.0,0.0767884390694754,0.2285714285714285,0.0,0.4571428571428571,0.2857142857142857,358.0,0.0644925321851457,0.2285714285714285,0.1801467379473343,0.6384676775738226,17,,,,,primary_relation_aware_explanation,False,False,False,False,,limited,Relation-family ablation reflects sensitivity of the relation-aware encoder; it does not establish biological causation.
RGCN,gene_variant_label_associated,gene_variant_label_associated|variant_gene_label_associated,35,30,0.0623079521315438,0.0,0.0631448694637843,-0.0285714285714285,-1.0,0.3142857142857143,0.1428571428571428,274.0,0.0623079521315438,0.0285714285714285,0.2274012851516197,-0.1042752867570383,18,,,,,primary_relation_aware_explanation,False,False,False,False,,limited,Relation-family ablation reflects sensitivity of the relation-aware encoder; it does not establish biological causation.
RGCN,drug_gene_pathway_ambiguous,drug_gene_pathway_ambiguous|gene_drug_pathway_ambiguous,35,30,0.0394313028880528,0.0,0.0703759431838989,0.0857142857142857,0.0,0.2857142857142857,0.3428571428571428,80.91428571428571,0.0394313028880528,0.0857142857142857,0.4873218930373757,1.059322033898305,19,,,,,primary_relation_aware_explanation,False,False,False,False,,limited,Relation-family ablation reflects sensitivity of the relation-aware encoder; it does not establish biological causation.
RGCN,drug_drug_clinical_associated,drug_drug_clinical_associated,35,30,0.0306689841406685,0.0,0.0455565350396292,0.1142857142857142,0.0,0.2571428571428571,0.2285714285714285,55.142857142857146,0.0306689841406685,0.1142857142857142,0.5561732875250764,2.072538860103625,20,,,,,primary_relation_aware_explanation,False,False,False,False,,limited,Relation-family ablation reflects sensitivity of the relation-aware encoder; it does not establish biological causation.
RGCN,drug_variant_clinical_not_associated,drug_variant_clinical_not_associated|variant_drug_clinical_not_associated,35,30,0.0264733178274972,0.018716812133789,0.0591179030282156,1.1714285714285717,0.0,0.5714285714285714,0.4,518.6285714285714,0.0264733178274972,1.1714285714285717,0.051044850372543,2.258704275011019,21,,,,,primary_relation_aware_explanation,False,False,True,False,,limited,Relation-family ablation reflects sensitivity of the relation-aware encoder; it does not establish biological causation.
RGCN,phenotype_variant_clinical_ambiguous,phenotype_variant_clinical_ambiguous|variant_phenotype_clinical_ambiguous,35,30,0.0231800419943673,0.0198564529418945,0.0467816284724644,0.4571428571428571,0.0,0.5428571428571428,0.1714285714285714,170.0,0.0231800419943673,0.4571428571428571,0.1363531882021605,2.6890756302521006,22,,,,,primary_relation_aware_explanation,False,False,True,False,,limited,Relation-family ablation reflects sensitivity of the relation-aware encoder; it does not establish biological causation.
RGCN,drug_drug_pathway_associated,drug_drug_pathway_associated,35,30,0.0168207168579101,0.0,0.0305573599679129,0.5714285714285714,0.0,0.2,0.2285714285714285,4.0,0.0168207168579101,0.5714285714285714,4.205179214477525,142.85714285714286,23,,,,,primary_relation_aware_explanation,False,False,False,False,,limited,Relation-family ablation reflects sensitivity of the relation-aware encoder; it does not establish biological causation.
RGCN,phenotype_variant_clinical_not_associated,phenotype_variant_clinical_not_associated|variant_phenotype_clinical_not_associated,35,30,0.0139593635286603,0.0,0.0421650648117065,0.2,0.0,0.4,0.2285714285714285,184.0,0.0139593635286603,0.2,0.0758661061340233,1.0869565217391304,24,,,,,primary_relation_aware_explanation,False,False,False,False,,limited,Relation-family ablation reflects sensitivity of the relation-aware encoder; it does not establish biological causation.
RGCN,drug_drug_clinical_not_associated,drug_drug_clinical_not_associated,35,30,0.0043319429670061,0.0,0.0080561774117606,0.0,0.0,0.2571428571428571,0.0285714285714285,4.0,0.0043319429670061,0.0,1.0829857417515252,0.0,25,,,,,primary_relation_aware_explanation,False,False,False,False,,limited,Relation-family ablation reflects sensitivity of the relation-aware encoder; it does not establish biological causation.
RGCN,drug_variant_clinical_ambiguous,drug_variant_clinical_ambiguous|variant_drug_clinical_ambiguous,35,30,0.0027074064527239,0.0057125091552734,0.0600489480154854,0.2,0.0,0.5714285714285714,0.2571428571428571,164.05714285714285,0.0027074064527239,0.2,0.0165028258177179,1.219087425983978,26,,,,,primary_relation_aware_explanation,False,False,True,False,,limited,Relation-family ablation reflects sensitivity of the relation-aware encoder; it does not establish biological causation.
RGCN,drug_gene_literature_not_associated,drug_gene_literature_not_associated|gene_drug_literature_not_associated,35,30,0.0004527636936732,0.0,0.0004841259547642,0.0,0.0,0.1142857142857142,0.0,3.3714285714285714,0.0004527636936732,0.0,0.1342943159200169,0.0,27,,,,,primary_relation_aware_explanation,False,False,False,False,,limited,Relation-family ablation reflects sensitivity of the relation-aware encoder; it does not establish biological causation.
RGCN,drug_variant_label_ambiguous,drug_variant_label_ambiguous|variant_drug_label_ambiguous,35,30,-0.0048164333615984,0.0,0.0073122331074305,0.1714285714285714,0.0,0.1428571428571428,0.0285714285714285,6.0,0.0048164333615984,0.1714285714285714,-0.8027388935997333,28.57142857142857,28,,,,,primary_relation_aware_explanation,False,False,False,False,,limited,Relation-family ablation reflects sensitivity of the relation-aware encoder; it does not establish biological causation.
RGCN,phenotype_phenotype_clinical_associated,phenotype_phenotype_clinical_associated,35,30,-0.0056744711739676,0.0,0.0061690739222935,-0.0571428571428571,0.0,0.1142857142857142,0.0,22.0,0.0056744711739676,0.0571428571428571,-0.2579305079076182,-2.597402597402595,29,,,,,primary_relation_aware_explanation,False,False,False,False,,limited,Relation-family ablation reflects sensitivity of the relation-aware encoder; it does not establish biological causation.
RGCN,drug_variant_guideline_ambiguous,drug_variant_guideline_ambiguous|variant_drug_guideline_ambiguous,35,30,-0.0091523715427943,0.0,0.0107286589486258,0.0,0.0,0.1428571428571428,0.0857142857142857,13.82857142857143,0.0091523715427943,0.0,-0.6618450495822324,0.0,30,,,,,primary_relation_aware_explanation,False,False,False,False,,limited,Relation-family ablation reflects sensitivity of the relation-aware encoder; it does not establish biological causation.
RGCN,drug_gene_label_ambiguous,drug_gene_label_ambiguous|gene_drug_label_ambiguous,35,30,-0.0736979246139526,0.0,0.0855942487716674,-2.057142857142857,0.0,0.3428571428571428,0.4857142857142857,69.37142857142857,0.0736979246139526,2.057142857142857,-1.062367117581689,-29.65403624382208,31,,,,,primary_relation_aware_explanation,False,False,False,False,,limited,Relation-family ablation reflects sensitivity of the relation-aware encoder; it does not establish biological causation.
