external_validation_rank,drug_name,gene_name,pubmed_pair_evidence_class,external_support_tier,has_positive_pubmed_support,strict_cold_eligible_seed_count,rgcn_top_relation_family,rgcn_supportive_score_seed_fraction,gcn_top_relation_family,gcn_supportive_score_seed_fraction,rgat_top_gene_incoming_relation,rgat_mean_gene_attention_fraction,interpretability_summary
1,allopurinol,NR1I2,indirect_mechanistic_support,indirect_support,True,1,drug_gene_pathway_associated,1.0,drug_gene_clinical_associated,1.0,drug_gene_clinical_associated,0.0133317475280758,RGCN: drug_gene_pathway_associated; GCN: drug_gene_clinical_associated; RGAT gene incoming: drug_gene_clinical_associated
2,artemether,NR1I2,direct_mixed_evidence,direct_mixed,True,2,drug_gene_clinical_ambiguous,1.0,drug_gene_clinical_associated,1.0,drug_gene_clinical_associated,0.0124626041797702,RGCN: drug_gene_clinical_ambiguous; GCN: drug_gene_clinical_associated; RGAT gene incoming: drug_gene_clinical_associated
3,lidocaine,NR1I2,no_evidence_found_in_current_search,none_found,False,1,drug_gene_pathway_associated,1.0,drug_gene_clinical_associated,1.0,drug_gene_clinical_associated,0.011657841820228,RGCN: drug_gene_pathway_associated; GCN: drug_gene_clinical_associated; RGAT gene incoming: drug_gene_clinical_associated
4,mianserin,GSTM1,no_evidence_found_in_current_search,none_found,False,1,drug_gene_clinical_associated,1.0,phenotype_variant_clinical_associated,1.0,drug_gene_clinical_associated,0.0749632521906784,RGCN: drug_gene_clinical_associated; GCN: phenotype_variant_clinical_associated; RGAT gene incoming: drug_gene_clinical_associated
5,escitalopram,OPRM1,direct_null_only,direct_null_only,False,1,drug_gene_guideline_ambiguous,1.0,phenotype_variant_clinical_associated,1.0,phenotype_gene_clinical_associated,0.0299628411302735,RGCN: drug_gene_guideline_ambiguous; GCN: phenotype_variant_clinical_associated; RGAT gene incoming: phenotype_gene_clinical_associated
6,ethosuximide,SLC22A6,no_evidence_found_in_current_search,none_found,False,1,drug_gene_clinical_associated,1.0,drug_variant_clinical_associated,1.0,drug_gene_clinical_associated,0.2498203953682485,RGCN: drug_gene_clinical_associated; GCN: drug_variant_clinical_associated; RGAT gene incoming: drug_gene_clinical_associated
7,dextromethorphan,KCNH2,direct_supported,direct_supported,True,1,drug_gene_clinical_associated,1.0,drug_gene_clinical_associated,1.0,drug_gene_clinical_associated,0.0370353695241917,RGCN: drug_gene_clinical_associated; GCN: drug_gene_clinical_associated; RGAT gene incoming: drug_gene_clinical_associated
8,escitalopram,COMT,direct_mixed_evidence,direct_mixed,True,1,drug_gene_clinical_associated,1.0,phenotype_variant_clinical_associated,1.0,phenotype_gene_clinical_associated,0.021771947333282,RGCN: drug_gene_clinical_associated; GCN: phenotype_variant_clinical_associated; RGAT gene incoming: phenotype_gene_clinical_associated
9,chlorthalidone,OPRM1,no_evidence_found_in_current_search,none_found,False,1,drug_gene_clinical_associated,1.0,phenotype_variant_clinical_associated,1.0,drug_gene_clinical_associated,0.0453319643716402,RGCN: drug_gene_clinical_associated; GCN: phenotype_variant_clinical_associated; RGAT gene incoming: drug_gene_clinical_associated
10,ropivacaine,DRD2,no_evidence_found_in_current_search,none_found,False,1,drug_gene_clinical_associated,1.0,phenotype_variant_clinical_associated,1.0,drug_gene_clinical_associated,0.0454463253121978,RGCN: drug_gene_clinical_associated; GCN: phenotype_variant_clinical_associated; RGAT gene incoming: drug_gene_clinical_associated
11,acenocoumarol,FOLR1,no_evidence_found_in_current_search,none_found,False,2,drug_gene_pathway_associated,1.0,drug_gene_label_associated,1.0,drug_gene_label_associated,0.7581551313094158,RGCN: drug_gene_pathway_associated; GCN: drug_gene_label_associated; RGAT gene incoming: drug_gene_label_associated
12,alendronate,ABCC4,no_evidence_found_in_current_search,none_found,False,1,drug_gene_pathway_associated,1.0,phenotype_variant_clinical_associated,1.0,drug_gene_clinical_associated,0.0666581491327974,RGCN: drug_gene_pathway_associated; GCN: phenotype_variant_clinical_associated; RGAT gene incoming: drug_gene_clinical_associated
13,ethinyl estradiol,DRD2,no_evidence_found_in_current_search,none_found,False,1,drug_gene_clinical_associated,1.0,phenotype_variant_clinical_associated,1.0,drug_gene_clinical_associated,0.0454463253121978,RGCN: drug_gene_clinical_associated; GCN: phenotype_variant_clinical_associated; RGAT gene incoming: drug_gene_clinical_associated
14,alendronate,ABCC2,no_evidence_found_in_current_search,none_found,False,1,gene_gene_pathway_associated,1.0,phenotype_variant_clinical_associated,1.0,drug_gene_clinical_associated,0.038454889912524,RGCN: gene_gene_pathway_associated; GCN: phenotype_variant_clinical_associated; RGAT gene incoming: drug_gene_clinical_associated
15,rifapentine,ABCC2,direct_supported,direct_supported,True,1,drug_gene_clinical_associated,1.0,phenotype_variant_clinical_associated,1.0,drug_gene_clinical_associated,0.038454889912524,RGCN: drug_gene_clinical_associated; GCN: phenotype_variant_clinical_associated; RGAT gene incoming: drug_gene_clinical_associated
16,flurbiprofen,MT-RNR1,no_evidence_found_in_current_search,none_found,False,1,drug_gene_guideline_ambiguous,1.0,gene_variant_guideline_associated,1.0,variant_gene_guideline_associated,0.3035945720141826,RGCN: drug_gene_guideline_ambiguous; GCN: gene_variant_guideline_associated; RGAT gene incoming: variant_gene_guideline_associated
17,ribavirin,GSTP1,no_evidence_found_in_current_search,none_found,False,1,drug_gene_clinical_associated,1.0,phenotype_variant_clinical_associated,1.0,drug_gene_clinical_associated,0.0526268890415096,RGCN: drug_gene_clinical_associated; GCN: phenotype_variant_clinical_associated; RGAT gene incoming: drug_gene_clinical_associated
18,methoxamine,FOLR1,no_evidence_found_in_current_search,none_found,False,1,drug_gene_pathway_associated,1.0,drug_gene_label_associated,1.0,drug_gene_label_associated,0.9586850016526,RGCN: drug_gene_pathway_associated; GCN: drug_gene_label_associated; RGAT gene incoming: drug_gene_label_associated
19,maralixibat,UGT2B7,no_evidence_found_in_current_search,none_found,False,1,drug_gene_clinical_associated,1.0,drug_variant_clinical_associated,1.0,drug_gene_clinical_associated,0.0666519228720654,RGCN: drug_gene_clinical_associated; GCN: drug_variant_clinical_associated; RGAT gene incoming: drug_gene_clinical_associated
20,metformin,KCNH2,direct_supported,direct_supported,True,1,drug_gene_clinical_associated,1.0,drug_gene_clinical_associated,1.0,gene_gene_clinical_associated,0.0654319909049532,RGCN: drug_gene_clinical_associated; GCN: drug_gene_clinical_associated; RGAT gene incoming: gene_gene_clinical_associated
21,ifosfamide,COMT,no_evidence_found_in_current_search,none_found,False,1,drug_gene_guideline_ambiguous,1.0,phenotype_variant_clinical_associated,1.0,phenotype_gene_clinical_associated,0.021771947333282,RGCN: drug_gene_guideline_ambiguous; GCN: phenotype_variant_clinical_associated; RGAT gene incoming: phenotype_gene_clinical_associated
22,mianserin,COMT,indirect_mechanistic_support,indirect_support,True,1,drug_gene_clinical_associated,1.0,phenotype_variant_clinical_associated,1.0,phenotype_gene_clinical_associated,0.021771947333282,RGCN: drug_gene_clinical_associated; GCN: phenotype_variant_clinical_associated; RGAT gene incoming: phenotype_gene_clinical_associated
23,dexamethasone,MT-RNR1,no_supporting_pair_evidence,none_found,False,1,drug_gene_guideline_ambiguous,1.0,gene_variant_guideline_associated,1.0,variant_gene_guideline_associated,0.3035945720141826,RGCN: drug_gene_guideline_ambiguous; GCN: gene_variant_guideline_associated; RGAT gene incoming: variant_gene_guideline_associated
24,topotecan,OPRM1,no_evidence_found_in_current_search,none_found,False,2,drug_gene_clinical_associated,1.0,phenotype_variant_clinical_associated,1.0,drug_gene_clinical_associated,0.0258932441721146,RGCN: drug_gene_clinical_associated; GCN: phenotype_variant_clinical_associated; RGAT gene incoming: drug_gene_clinical_associated
25,artemether,IFNL3,no_evidence_found_in_current_search,none_found,False,2,drug_gene_label_associated,1.0,drug_gene_label_associated,1.0,drug_gene_clinical_associated,0.117035051230443,RGCN: drug_gene_label_associated; GCN: drug_gene_label_associated; RGAT gene incoming: drug_gene_clinical_associated
26,efavirenz,IFNL3,direct_null_only,direct_null_only,False,1,drug_gene_label_associated,1.0,phenotype_variant_clinical_associated,1.0,drug_gene_clinical_associated,0.0579168368413341,RGCN: drug_gene_label_associated; GCN: phenotype_variant_clinical_associated; RGAT gene incoming: drug_gene_clinical_associated
27,rosuvastatin,IFNL3,no_evidence_found_in_current_search,none_found,False,1,drug_gene_clinical_associated,1.0,drug_gene_label_associated,1.0,drug_gene_clinical_associated,0.0579168368413341,RGCN: drug_gene_clinical_associated; GCN: drug_gene_label_associated; RGAT gene incoming: drug_gene_clinical_associated
28,sertraline,FOLR1,direct_supported,direct_supported,True,1,drug_gene_pathway_associated,1.0,drug_gene_label_associated,1.0,drug_gene_label_associated,0.9586850016526,RGCN: drug_gene_pathway_associated; GCN: drug_gene_label_associated; RGAT gene incoming: drug_gene_label_associated
29,norepinephrine,CFTR,direct_mixed_evidence,direct_mixed,True,1,drug_gene_label_associated,1.0,drug_gene_clinical_associated,1.0,drug_gene_clinical_associated,0.0571650517635478,RGCN: drug_gene_label_associated; GCN: drug_gene_clinical_associated; RGAT gene incoming: drug_gene_clinical_associated
30,varenicline,CFTR,no_evidence_found_in_current_search,none_found,False,2,drug_gene_label_associated,1.0,drug_gene_clinical_associated,1.0,drug_gene_clinical_associated,0.0299896356448557,RGCN: drug_gene_label_associated; GCN: drug_gene_clinical_associated; RGAT gene incoming: drug_gene_clinical_associated
