external_validation_rank,drug_name,gene_name,external_support_tier,pubmed_pair_evidence_class,strict_cold_eligible_seed_count,strict_cold_eligible_seeds,rgcn_top_relation_family,rgcn_top_relation_mean_score_drop,rgcn_top_relation_mean_rank_worsening,rgcn_supportive_score_seed_fraction,gcn_top_relation_family,gcn_supportive_score_seed_fraction,rgat_top_gene_incoming_relation,rgat_mean_gene_attention_fraction
1,allopurinol,NR1I2,indirect_support,indirect_mechanistic_support,1,123,drug_gene_pathway_associated,2.845097064971924,11.0,1.0,drug_gene_clinical_associated,1.0,drug_gene_clinical_associated,0.0133317475280758
2,artemether,NR1I2,direct_mixed,direct_mixed_evidence,2,123|2026,drug_gene_clinical_ambiguous,2.935624361038208,4.0,1.0,drug_gene_clinical_associated,1.0,drug_gene_clinical_associated,0.0124626041797702
7,dextromethorphan,KCNH2,direct_supported,direct_supported,1,123,drug_gene_clinical_associated,7.372714400291443,47.0,1.0,drug_gene_clinical_associated,1.0,drug_gene_clinical_associated,0.0370353695241917
8,escitalopram,COMT,direct_mixed,direct_mixed_evidence,1,2026,drug_gene_clinical_associated,2.620835542678833,14.0,1.0,phenotype_variant_clinical_associated,1.0,phenotype_gene_clinical_associated,0.021771947333282
15,rifapentine,ABCC2,direct_supported,direct_supported,1,123,drug_gene_clinical_associated,2.017439603805542,7.0,1.0,phenotype_variant_clinical_associated,1.0,drug_gene_clinical_associated,0.038454889912524
20,metformin,KCNH2,direct_supported,direct_supported,1,2026,drug_gene_clinical_associated,5.122740440070629,103.0,1.0,drug_gene_clinical_associated,1.0,gene_gene_clinical_associated,0.0654319909049532
22,mianserin,COMT,indirect_support,indirect_mechanistic_support,1,2026,drug_gene_clinical_associated,4.431698203086853,19.0,1.0,phenotype_variant_clinical_associated,1.0,phenotype_gene_clinical_associated,0.021771947333282
28,sertraline,FOLR1,direct_supported,direct_supported,1,42,drug_gene_pathway_associated,5.562458395957947,905.0,1.0,drug_gene_label_associated,1.0,drug_gene_label_associated,0.9586850016526
29,norepinephrine,CFTR,direct_mixed,direct_mixed_evidence,1,42,drug_gene_label_associated,2.278658866882324,32.0,1.0,drug_gene_clinical_associated,1.0,drug_gene_clinical_associated,0.0571650517635478
